Year,Country_s,Country_r,Industry_i,Industry_j,TradeFlows
1990,AFG,AFG,goods,goods,1356883.200914
1990,AFG,AFG,goods,services,859531.989673
1990,AFG,AFG,services,goods,859531.989673
1990,AFG,AFG,services,services,3113252.901062
1990,AFG,ALB,goods,goods,60.89396
1990,AFG,ALB,goods,services,34.996878
1990,AFG,ALB,services,goods,39.499203
1990,AFG,ALB,services,services,35.098854
1990,AFG,DZA,goods,goods,74.41199
1990,AFG,DZA,goods,services,37.27774
1990,AFG,DZA,services,goods,34.888677
1990,AFG,DZA,services,services,33.701587
1990,AFG,AND,goods,goods,29.028499000000004
1990,AFG,AND,goods,services,28.812473
1990,AFG,AND,services,goods,28.8
1990,AFG,AND,services,services,28.848584000000002
1990,AFG,AGO,goods,goods,28.802381
1990,AFG,AGO,goods,services,28.800099000000003
1990,AFG,AGO,services,goods,28.806139
1990,AFG,AGO,services,services,28.80036
1990,ALB,ALB,goods,goods,829955.9000172
1990,ALB,ALB,goods,services,430264.780561
1990,ALB,ALB,services,goods,430264.780561
1990,ALB,ALB,services,services,1068418.7291636
1990,ALB,DZA,goods,goods,54.863642999999996
1990,ALB,DZA,goods,services,48.365382
1990,ALB,DZA,services,goods,46.043305000000004
1990,ALB,DZA,services,services,46.664053
1990,ALB,AND,goods,goods,37.065861
1990,ALB,AND,goods,services,35.396735
1990,ALB,AND,services,goods,37.853038999999995
1990,ALB,AND,services,services,37.239905
1990,ALB,AGO,goods,goods,30.858214000000004
1990,ALB,AGO,goods,services,30.771093999999998
1990,ALB,AGO,services,goods,31.911434999999997
1990,ALB,AGO,services,services,31.721261
1990,DZA,DZA,goods,goods,10906820.85212
1990,DZA,DZA,goods,services,10939842.605264
1990,DZA,DZA,services,goods,10939842.605264
1990,DZA,DZA,services,services,18609014.090356
1990,DZA,AND,goods,goods,241.30050699999998
1990,DZA,AND,goods,services,45.455921000000004
1990,DZA,AND,services,goods,127.649492
1990,DZA,AND,services,services,105.03622
1990,DZA,AGO,goods,goods,41.375439
1990,DZA,AGO,goods,services,40.075806
1990,DZA,AGO,services,goods,36.184703
1990,DZA,AGO,services,services,37.882255
1990,AND,AND,goods,goods,419592.647206
1990,AND,AND,goods,services,294964.362854
1990,AND,AND,services,goods,294964.362854
1990,AND,AND,services,services,1050092.0290306
1990,AND,AGO,goods,goods,28.965154000000002
1990,AND,AGO,goods,services,28.8
1990,AND,AGO,services,goods,29.486584
1990,AND,AGO,services,services,28.810247
1990,AGO,AGO,goods,goods,3870264.578896
1990,AGO,AGO,goods,services,3056826.443347
1990,AGO,AGO,services,goods,3056826.443347
1990,AGO,AGO,services,services,9946685.167678
1991,AFG,AFG,goods,goods,0
1991,AFG,AFG,goods,services,0
1991,AFG,AFG,services,goods,0
1991,AFG,AFG,services,services,0
1991,AFG,ALB,goods,goods,0
1991,AFG,ALB,goods,services,0
1991,AFG,ALB,services,goods,0
1991,AFG,ALB,services,services,0
1991,AFG,DZA,goods,goods,0
1991,AFG,DZA,goods,services,0
1991,AFG,DZA,services,goods,0
1991,AFG,DZA,services,services,0
1991,AFG,AND,goods,goods,0
1991,AFG,AND,goods,services,0
1991,AFG,AND,services,goods,0
1991,AFG,AND,services,services,0
1991,AFG,AGO,goods,goods,0
1991,AFG,AGO,goods,services,0
1991,AFG,AGO,services,goods,0
1991,AFG,AGO,services,services,0
1991,ALB,ALB,goods,goods,0
1991,ALB,ALB,goods,services,0
1991,ALB,ALB,services,goods,0
1991,ALB,ALB,services,services,0
1991,ALB,DZA,goods,goods,0
1991,ALB,DZA,goods,services,0
1991,ALB,DZA,services,goods,0
1991,ALB,DZA,services,services,0
1991,ALB,AND,goods,goods,0
1991,ALB,AND,goods,services,0
1991,ALB,AND,services,goods,0
1991,ALB,AND,services,services,0
1991,ALB,AGO,goods,goods,0
1991,ALB,AGO,goods,services,0
1991,ALB,AGO,services,goods,0
1991,ALB,AGO,services,services,0
1991,DZA,DZA,goods,goods,0
1991,DZA,DZA,goods,services,0
1991,DZA,DZA,services,goods,0
1991,DZA,DZA,services,services,0
1991,DZA,AND,goods,goods,0
1991,DZA,AND,goods,services,0
1991,DZA,AND,services,goods,0
1991,DZA,AND,services,services,0
1991,DZA,AGO,goods,goods,0
1991,DZA,AGO,goods,services,0
1991,DZA,AGO,services,goods,0
1991,DZA,AGO,services,services,0
1991,AND,AND,goods,goods,0
1991,AND,AND,goods,services,0
1991,AND,AND,services,goods,0
1991,AND,AND,services,services,0
1991,AND,AGO,goods,goods,0
1991,AND,AGO,goods,services,0
1991,AND,AGO,services,goods,0
1991,AND,AGO,services,services,0
1991,AGO,AGO,goods,goods,0
1991,AGO,AGO,goods,services,0
1991,AGO,AGO,services,goods,0
1991,AGO,AGO,services,services,0
1992,AFG,AFG,goods,goods,0
1992,AFG,AFG,goods,services,0
1992,AFG,AFG,services,goods,0
1992,AFG,AFG,services,services,0
1992,AFG,ALB,goods,goods,0
1992,AFG,ALB,goods,services,0
1992,AFG,ALB,services,goods,0
1992,AFG,ALB,services,services,0
1992,AFG,DZA,goods,goods,0
1992,AFG,DZA,goods,services,0
1992,AFG,DZA,services,goods,0
1992,AFG,DZA,services,services,0
1992,AFG,AND,goods,goods,0
1992,AFG,AND,goods,services,0
1992,AFG,AND,services,goods,0
1992,AFG,AND,services,services,0
1992,AFG,AGO,goods,goods,0
1992,AFG,AGO,goods,services,0
1992,AFG,AGO,services,goods,0
1992,AFG,AGO,services,services,0
1992,ALB,ALB,goods,goods,0
1992,ALB,ALB,goods,services,0
1992,ALB,ALB,services,goods,0
1992,ALB,ALB,services,services,0
1992,ALB,DZA,goods,goods,0
1992,ALB,DZA,goods,services,0
1992,ALB,DZA,services,goods,0
1992,ALB,DZA,services,services,0
1992,ALB,AND,goods,goods,0
1992,ALB,AND,goods,services,0
1992,ALB,AND,services,goods,0
1992,ALB,AND,services,services,0
1992,ALB,AGO,goods,goods,0
1992,ALB,AGO,goods,services,0
1992,ALB,AGO,services,goods,0
1992,ALB,AGO,services,services,0
1992,DZA,DZA,goods,goods,0
1992,DZA,DZA,goods,services,0
1992,DZA,DZA,services,goods,0
1992,DZA,DZA,services,services,0
1992,DZA,AND,goods,goods,0
1992,DZA,AND,goods,services,0
1992,DZA,AND,services,goods,0
1992,DZA,AND,services,services,0
1992,DZA,AGO,goods,goods,0
1992,DZA,AGO,goods,services,0
1992,DZA,AGO,services,goods,0
1992,DZA,AGO,services,services,0
1992,AND,AND,goods,goods,0
1992,AND,AND,goods,services,0
1992,AND,AND,services,goods,0
1992,AND,AND,services,services,0
1992,AND,AGO,goods,goods,0
1992,AND,AGO,goods,services,0
1992,AND,AGO,services,goods,0
1992,AND,AGO,services,services,0
1992,AGO,AGO,goods,goods,0
1992,AGO,AGO,goods,services,0
1992,AGO,AGO,services,goods,0
1992,AGO,AGO,services,services,0
1993,AFG,AFG,goods,goods,0
1993,AFG,AFG,goods,services,0
1993,AFG,AFG,services,goods,0
1993,AFG,AFG,services,services,0
1993,AFG,ALB,goods,goods,0
1993,AFG,ALB,goods,services,0
1993,AFG,ALB,services,goods,0
1993,AFG,ALB,services,services,0
1993,AFG,DZA,goods,goods,0
1993,AFG,DZA,goods,services,0
1993,AFG,DZA,services,goods,0
1993,AFG,DZA,services,services,0
1993,AFG,AND,goods,goods,0
1993,AFG,AND,goods,services,0
1993,AFG,AND,services,goods,0
1993,AFG,AND,services,services,0
1993,AFG,AGO,goods,goods,0
1993,AFG,AGO,goods,services,0
1993,AFG,AGO,services,goods,0
1993,AFG,AGO,services,services,0
1993,ALB,ALB,goods,goods,0
1993,ALB,ALB,goods,services,0
1993,ALB,ALB,services,goods,0
1993,ALB,ALB,services,services,0
1993,ALB,DZA,goods,goods,0
1993,ALB,DZA,goods,services,0
1993,ALB,DZA,services,goods,0
1993,ALB,DZA,services,services,0
1993,ALB,AND,goods,goods,0
1993,ALB,AND,goods,services,0
1993,ALB,AND,services,goods,0
1993,ALB,AND,services,services,0
1993,ALB,AGO,goods,goods,0
1993,ALB,AGO,goods,services,0
1993,ALB,AGO,services,goods,0
1993,ALB,AGO,services,services,0
1993,DZA,DZA,goods,goods,0
1993,DZA,DZA,goods,services,0
1993,DZA,DZA,services,goods,0
1993,DZA,DZA,services,services,0
1993,DZA,AND,goods,goods,0
1993,DZA,AND,goods,services,0
1993,DZA,AND,services,goods,0
1993,DZA,AND,services,services,0
1993,DZA,AGO,goods,goods,0
1993,DZA,AGO,goods,services,0
1993,DZA,AGO,services,goods,0
1993,DZA,AGO,services,services,0
1993,AND,AND,goods,goods,0
1993,AND,AND,goods,services,0
1993,AND,AND,services,goods,0
1993,AND,AND,services,services,0
1993,AND,AGO,goods,goods,0
1993,AND,AGO,goods,services,0
1993,AND,AGO,services,goods,0
1993,AND,AGO,services,services,0
1993,AGO,AGO,goods,goods,0
1993,AGO,AGO,goods,services,0
1993,AGO,AGO,services,goods,0
1993,AGO,AGO,services,services,0
1994,AFG,AFG,goods,goods,0
1994,AFG,AFG,goods,services,0
1994,AFG,AFG,services,goods,0
1994,AFG,AFG,services,services,0
1994,AFG,ALB,goods,goods,0
1994,AFG,ALB,goods,services,0
1994,AFG,ALB,services,goods,0
1994,AFG,ALB,services,services,0
1994,AFG,DZA,goods,goods,0
1994,AFG,DZA,goods,services,0
1994,AFG,DZA,services,goods,0
1994,AFG,DZA,services,services,0
1994,AFG,AND,goods,goods,0
1994,AFG,AND,goods,services,0
1994,AFG,AND,services,goods,0
1994,AFG,AND,services,services,0
1994,AFG,AGO,goods,goods,0
1994,AFG,AGO,goods,services,0
1994,AFG,AGO,services,goods,0
1994,AFG,AGO,services,services,0
1994,ALB,ALB,goods,goods,0
1994,ALB,ALB,goods,services,0
1994,ALB,ALB,services,goods,0
1994,ALB,ALB,services,services,0
1994,ALB,DZA,goods,goods,0
1994,ALB,DZA,goods,services,0
1994,ALB,DZA,services,goods,0
1994,ALB,DZA,services,services,0
1994,ALB,AND,goods,goods,0
1994,ALB,AND,goods,services,0
1994,ALB,AND,services,goods,0
1994,ALB,AND,services,services,0
1994,ALB,AGO,goods,goods,0
1994,ALB,AGO,goods,services,0
1994,ALB,AGO,services,goods,0
1994,ALB,AGO,services,services,0
1994,DZA,DZA,goods,goods,0
1994,DZA,DZA,goods,services,0
1994,DZA,DZA,services,goods,0
1994,DZA,DZA,services,services,0
1994,DZA,AND,goods,goods,0
1994,DZA,AND,goods,services,0
1994,DZA,AND,services,goods,0
1994,DZA,AND,services,services,0
1994,DZA,AGO,goods,goods,0
1994,DZA,AGO,goods,services,0
1994,DZA,AGO,services,goods,0
1994,DZA,AGO,services,services,0
1994,AND,AND,goods,goods,0
1994,AND,AND,goods,services,0
1994,AND,AND,services,goods,0
1994,AND,AND,services,services,0
1994,AND,AGO,goods,goods,0
1994,AND,AGO,goods,services,0
1994,AND,AGO,services,goods,0
1994,AND,AGO,services,services,0
1994,AGO,AGO,goods,goods,0
1994,AGO,AGO,goods,services,0
1994,AGO,AGO,services,goods,0
1994,AGO,AGO,services,services,0
1995,AFG,AFG,goods,goods,0
1995,AFG,AFG,goods,services,0
1995,AFG,AFG,services,goods,0
1995,AFG,AFG,services,services,0
1995,AFG,ALB,goods,goods,0
1995,AFG,ALB,goods,services,0
1995,AFG,ALB,services,goods,0
1995,AFG,ALB,services,services,0
1995,AFG,DZA,goods,goods,0
1995,AFG,DZA,goods,services,0
1995,AFG,DZA,services,goods,0
1995,AFG,DZA,services,services,0
1995,AFG,AND,goods,goods,0
1995,AFG,AND,goods,services,0
1995,AFG,AND,services,goods,0
1995,AFG,AND,services,services,0
1995,AFG,AGO,goods,goods,0
1995,AFG,AGO,goods,services,0
1995,AFG,AGO,services,goods,0
1995,AFG,AGO,services,services,0
1995,ALB,ALB,goods,goods,0
1995,ALB,ALB,goods,services,0
1995,ALB,ALB,services,goods,0
1995,ALB,ALB,services,services,0
1995,ALB,DZA,goods,goods,0
1995,ALB,DZA,goods,services,0
1995,ALB,DZA,services,goods,0
1995,ALB,DZA,services,services,0
1995,ALB,AND,goods,goods,0
1995,ALB,AND,goods,services,0
1995,ALB,AND,services,goods,0
1995,ALB,AND,services,services,0
1995,ALB,AGO,goods,goods,0
1995,ALB,AGO,goods,services,0
1995,ALB,AGO,services,goods,0
1995,ALB,AGO,services,services,0
1995,DZA,DZA,goods,goods,0
1995,DZA,DZA,goods,services,0
1995,DZA,DZA,services,goods,0
1995,DZA,DZA,services,services,0
1995,DZA,AND,goods,goods,0
1995,DZA,AND,goods,services,0
1995,DZA,AND,services,goods,0
1995,DZA,AND,services,services,0
1995,DZA,AGO,goods,goods,0
1995,DZA,AGO,goods,services,0
1995,DZA,AGO,services,goods,0
1995,DZA,AGO,services,services,0
1995,AND,AND,goods,goods,0
1995,AND,AND,goods,services,0
1995,AND,AND,services,goods,0
1995,AND,AND,services,services,0
1995,AND,AGO,goods,goods,0
1995,AND,AGO,goods,services,0
1995,AND,AGO,services,goods,0
1995,AND,AGO,services,services,0
1995,AGO,AGO,goods,goods,0
1995,AGO,AGO,goods,services,0
1995,AGO,AGO,services,goods,0
1995,AGO,AGO,services,services,0
1996,AFG,AFG,goods,goods,0
1996,AFG,AFG,goods,services,0
1996,AFG,AFG,services,goods,0
1996,AFG,AFG,services,services,0
1996,AFG,ALB,goods,goods,0
1996,AFG,ALB,goods,services,0
1996,AFG,ALB,services,goods,0
1996,AFG,ALB,services,services,0
1996,AFG,DZA,goods,goods,0
1996,AFG,DZA,goods,services,0
1996,AFG,DZA,services,goods,0
1996,AFG,DZA,services,services,0
1996,AFG,AND,goods,goods,0
1996,AFG,AND,goods,services,0
1996,AFG,AND,services,goods,0
1996,AFG,AND,services,services,0
1996,AFG,AGO,goods,goods,0
1996,AFG,AGO,goods,services,0
1996,AFG,AGO,services,goods,0
1996,AFG,AGO,services,services,0
1996,ALB,ALB,goods,goods,0
1996,ALB,ALB,goods,services,0
1996,ALB,ALB,services,goods,0
1996,ALB,ALB,services,services,0
1996,ALB,DZA,goods,goods,0
1996,ALB,DZA,goods,services,0
1996,ALB,DZA,services,goods,0
1996,ALB,DZA,services,services,0
1996,ALB,AND,goods,goods,0
1996,ALB,AND,goods,services,0
1996,ALB,AND,services,goods,0
1996,ALB,AND,services,services,0
1996,ALB,AGO,goods,goods,0
1996,ALB,AGO,goods,services,0
1996,ALB,AGO,services,goods,0
1996,ALB,AGO,services,services,0
1996,DZA,DZA,goods,goods,0
1996,DZA,DZA,goods,services,0
1996,DZA,DZA,services,goods,0
1996,DZA,DZA,services,services,0
1996,DZA,AND,goods,goods,0
1996,DZA,AND,goods,services,0
1996,DZA,AND,services,goods,0
1996,DZA,AND,services,services,0
1996,DZA,AGO,goods,goods,0
1996,DZA,AGO,goods,services,0
1996,DZA,AGO,services,goods,0
1996,DZA,AGO,services,services,0
1996,AND,AND,goods,goods,0
1996,AND,AND,goods,services,0
1996,AND,AND,services,goods,0
1996,AND,AND,services,services,0
1996,AND,AGO,goods,goods,0
1996,AND,AGO,goods,services,0
1996,AND,AGO,services,goods,0
1996,AND,AGO,services,services,0
1996,AGO,AGO,goods,goods,0
1996,AGO,AGO,goods,services,0
1996,AGO,AGO,services,goods,0
1996,AGO,AGO,services,services,0
1997,AFG,AFG,goods,goods,0
1997,AFG,AFG,goods,services,0
1997,AFG,AFG,services,goods,0
1997,AFG,AFG,services,services,0
1997,AFG,ALB,goods,goods,0
1997,AFG,ALB,goods,services,0
1997,AFG,ALB,services,goods,0
1997,AFG,ALB,services,services,0
1997,AFG,DZA,goods,goods,0
1997,AFG,DZA,goods,services,0
1997,AFG,DZA,services,goods,0
1997,AFG,DZA,services,services,0
1997,AFG,AND,goods,goods,0
1997,AFG,AND,goods,services,0
1997,AFG,AND,services,goods,0
1997,AFG,AND,services,services,0
1997,AFG,AGO,goods,goods,0
1997,AFG,AGO,goods,services,0
1997,AFG,AGO,services,goods,0
1997,AFG,AGO,services,services,0
1997,ALB,ALB,goods,goods,0
1997,ALB,ALB,goods,services,0
1997,ALB,ALB,services,goods,0
1997,ALB,ALB,services,services,0
1997,ALB,DZA,goods,goods,0
1997,ALB,DZA,goods,services,0
1997,ALB,DZA,services,goods,0
1997,ALB,DZA,services,services,0
1997,ALB,AND,goods,goods,0
1997,ALB,AND,goods,services,0
1997,ALB,AND,services,goods,0
1997,ALB,AND,services,services,0
1997,ALB,AGO,goods,goods,0
1997,ALB,AGO,goods,services,0
1997,ALB,AGO,services,goods,0
1997,ALB,AGO,services,services,0
1997,DZA,DZA,goods,goods,0
1997,DZA,DZA,goods,services,0
1997,DZA,DZA,services,goods,0
1997,DZA,DZA,services,services,0
1997,DZA,AND,goods,goods,0
1997,DZA,AND,goods,services,0
1997,DZA,AND,services,goods,0
1997,DZA,AND,services,services,0
1997,DZA,AGO,goods,goods,0
1997,DZA,AGO,goods,services,0
1997,DZA,AGO,services,goods,0
1997,DZA,AGO,services,services,0
1997,AND,AND,goods,goods,0
1997,AND,AND,goods,services,0
1997,AND,AND,services,goods,0
1997,AND,AND,services,services,0
1997,AND,AGO,goods,goods,0
1997,AND,AGO,goods,services,0
1997,AND,AGO,services,goods,0
1997,AND,AGO,services,services,0
1997,AGO,AGO,goods,goods,0
1997,AGO,AGO,goods,services,0
1997,AGO,AGO,services,goods,0
1997,AGO,AGO,services,services,0
1998,AFG,AFG,goods,goods,0
1998,AFG,AFG,goods,services,0
1998,AFG,AFG,services,goods,0
1998,AFG,AFG,services,services,0
1998,AFG,ALB,goods,goods,0
1998,AFG,ALB,goods,services,0
1998,AFG,ALB,services,goods,0
1998,AFG,ALB,services,services,0
1998,AFG,DZA,goods,goods,0
1998,AFG,DZA,goods,services,0
1998,AFG,DZA,services,goods,0
1998,AFG,DZA,services,services,0
1998,AFG,AND,goods,goods,0
1998,AFG,AND,goods,services,0
1998,AFG,AND,services,goods,0
1998,AFG,AND,services,services,0
1998,AFG,AGO,goods,goods,0
1998,AFG,AGO,goods,services,0
1998,AFG,AGO,services,goods,0
1998,AFG,AGO,services,services,0
1998,ALB,ALB,goods,goods,0
1998,ALB,ALB,goods,services,0
1998,ALB,ALB,services,goods,0
1998,ALB,ALB,services,services,0
1998,ALB,DZA,goods,goods,0
1998,ALB,DZA,goods,services,0
1998,ALB,DZA,services,goods,0
1998,ALB,DZA,services,services,0
1998,ALB,AND,goods,goods,0
1998,ALB,AND,goods,services,0
1998,ALB,AND,services,goods,0
1998,ALB,AND,services,services,0
1998,ALB,AGO,goods,goods,0
1998,ALB,AGO,goods,services,0
1998,ALB,AGO,services,goods,0
1998,ALB,AGO,services,services,0
1998,DZA,DZA,goods,goods,0
1998,DZA,DZA,goods,services,0
1998,DZA,DZA,services,goods,0
1998,DZA,DZA,services,services,0
1998,DZA,AND,goods,goods,0
1998,DZA,AND,goods,services,0
1998,DZA,AND,services,goods,0
1998,DZA,AND,services,services,0
1998,DZA,AGO,goods,goods,0
1998,DZA,AGO,goods,services,0
1998,DZA,AGO,services,goods,0
1998,DZA,AGO,services,services,0
1998,AND,AND,goods,goods,0
1998,AND,AND,goods,services,0
1998,AND,AND,services,goods,0
1998,AND,AND,services,services,0
1998,AND,AGO,goods,goods,0
1998,AND,AGO,goods,services,0
1998,AND,AGO,services,goods,0
1998,AND,AGO,services,services,0
1998,AGO,AGO,goods,goods,0
1998,AGO,AGO,goods,services,0
1998,AGO,AGO,services,goods,0
1998,AGO,AGO,services,services,0
1999,AFG,AFG,goods,goods,0
1999,AFG,AFG,goods,services,0
1999,AFG,AFG,services,goods,0
1999,AFG,AFG,services,services,0
1999,AFG,ALB,goods,goods,0
1999,AFG,ALB,goods,services,0
1999,AFG,ALB,services,goods,0
1999,AFG,ALB,services,services,0
1999,AFG,DZA,goods,goods,0
1999,AFG,DZA,goods,services,0
1999,AFG,DZA,services,goods,0
1999,AFG,DZA,services,services,0
1999,AFG,AND,goods,goods,0
1999,AFG,AND,goods,services,0
1999,AFG,AND,services,goods,0
1999,AFG,AND,services,services,0
1999,AFG,AGO,goods,goods,0
1999,AFG,AGO,goods,services,0
1999,AFG,AGO,services,goods,0
1999,AFG,AGO,services,services,0
1999,ALB,ALB,goods,goods,0
1999,ALB,ALB,goods,services,0
1999,ALB,ALB,services,goods,0
1999,ALB,ALB,services,services,0
1999,ALB,DZA,goods,goods,0
1999,ALB,DZA,goods,services,0
1999,ALB,DZA,services,goods,0
1999,ALB,DZA,services,services,0
1999,ALB,AND,goods,goods,0
1999,ALB,AND,goods,services,0
1999,ALB,AND,services,goods,0
1999,ALB,AND,services,services,0
1999,ALB,AGO,goods,goods,0
1999,ALB,AGO,goods,services,0
1999,ALB,AGO,services,goods,0
1999,ALB,AGO,services,services,0
1999,DZA,DZA,goods,goods,0
1999,DZA,DZA,goods,services,0
1999,DZA,DZA,services,goods,0
1999,DZA,DZA,services,services,0
1999,DZA,AND,goods,goods,0
1999,DZA,AND,goods,services,0
1999,DZA,AND,services,goods,0
1999,DZA,AND,services,services,0
1999,DZA,AGO,goods,goods,0
1999,DZA,AGO,goods,services,0
1999,DZA,AGO,services,goods,0
1999,DZA,AGO,services,services,0
1999,AND,AND,goods,goods,0
1999,AND,AND,goods,services,0
1999,AND,AND,services,goods,0
1999,AND,AND,services,services,0
1999,AND,AGO,goods,goods,0
1999,AND,AGO,goods,services,0
1999,AND,AGO,services,goods,0
1999,AND,AGO,services,services,0
1999,AGO,AGO,goods,goods,0
1999,AGO,AGO,goods,services,0
1999,AGO,AGO,services,goods,0
1999,AGO,AGO,services,services,0
2000,AFG,AFG,goods,goods,0
2000,AFG,AFG,goods,services,0
2000,AFG,AFG,services,goods,0
2000,AFG,AFG,services,services,0
2000,AFG,ALB,goods,goods,0
2000,AFG,ALB,goods,services,0
2000,AFG,ALB,services,goods,0
2000,AFG,ALB,services,services,0
2000,AFG,DZA,goods,goods,0
2000,AFG,DZA,goods,services,0
2000,AFG,DZA,services,goods,0
2000,AFG,DZA,services,services,0
2000,AFG,AND,goods,goods,0
2000,AFG,AND,goods,services,0
2000,AFG,AND,services,goods,0
2000,AFG,AND,services,services,0
2000,AFG,AGO,goods,goods,0
2000,AFG,AGO,goods,services,0
2000,AFG,AGO,services,goods,0
2000,AFG,AGO,services,services,0
2000,ALB,ALB,goods,goods,0
2000,ALB,ALB,goods,services,0
2000,ALB,ALB,services,goods,0
2000,ALB,ALB,services,services,0
2000,ALB,DZA,goods,goods,0
2000,ALB,DZA,goods,services,0
2000,ALB,DZA,services,goods,0
2000,ALB,DZA,services,services,0
2000,ALB,AND,goods,goods,0
2000,ALB,AND,goods,services,0
2000,ALB,AND,services,goods,0
2000,ALB,AND,services,services,0
2000,ALB,AGO,goods,goods,0
2000,ALB,AGO,goods,services,0
2000,ALB,AGO,services,goods,0
2000,ALB,AGO,services,services,0
2000,DZA,DZA,goods,goods,0
2000,DZA,DZA,goods,services,0
2000,DZA,DZA,services,goods,0
2000,DZA,DZA,services,services,0
2000,DZA,AND,goods,goods,0
2000,DZA,AND,goods,services,0
2000,DZA,AND,services,goods,0
2000,DZA,AND,services,services,0
2000,DZA,AGO,goods,goods,0
2000,DZA,AGO,goods,services,0
2000,DZA,AGO,services,goods,0
2000,DZA,AGO,services,services,0
2000,AND,AND,goods,goods,0
2000,AND,AND,goods,services,0
2000,AND,AND,services,goods,0
2000,AND,AND,services,services,0
2000,AND,AGO,goods,goods,0
2000,AND,AGO,goods,services,0
2000,AND,AGO,services,goods,0
2000,AND,AGO,services,services,0
2000,AGO,AGO,goods,goods,0
2000,AGO,AGO,goods,services,0
2000,AGO,AGO,services,goods,0
2000,AGO,AGO,services,services,0
2001,AFG,AFG,goods,goods,0
2001,AFG,AFG,goods,services,0
2001,AFG,AFG,services,goods,0
2001,AFG,AFG,services,services,0
2001,AFG,ALB,goods,goods,0
2001,AFG,ALB,goods,services,0
2001,AFG,ALB,services,goods,0
2001,AFG,ALB,services,services,0
2001,AFG,DZA,goods,goods,0
2001,AFG,DZA,goods,services,0
2001,AFG,DZA,services,goods,0
2001,AFG,DZA,services,services,0
2001,AFG,AND,goods,goods,0
2001,AFG,AND,goods,services,0
2001,AFG,AND,services,goods,0
2001,AFG,AND,services,services,0
2001,AFG,AGO,goods,goods,0
2001,AFG,AGO,goods,services,0
2001,AFG,AGO,services,goods,0
2001,AFG,AGO,services,services,0
2001,ALB,ALB,goods,goods,0
2001,ALB,ALB,goods,services,0
2001,ALB,ALB,services,goods,0
2001,ALB,ALB,services,services,0
2001,ALB,DZA,goods,goods,0
2001,ALB,DZA,goods,services,0
2001,ALB,DZA,services,goods,0
2001,ALB,DZA,services,services,0
2001,ALB,AND,goods,goods,0
2001,ALB,AND,goods,services,0
2001,ALB,AND,services,goods,0
2001,ALB,AND,services,services,0
2001,ALB,AGO,goods,goods,0
2001,ALB,AGO,goods,services,0
2001,ALB,AGO,services,goods,0
2001,ALB,AGO,services,services,0
2001,DZA,DZA,goods,goods,0
2001,DZA,DZA,goods,services,0
2001,DZA,DZA,services,goods,0
2001,DZA,DZA,services,services,0
2001,DZA,AND,goods,goods,0
2001,DZA,AND,goods,services,0
2001,DZA,AND,services,goods,0
2001,DZA,AND,services,services,0
2001,DZA,AGO,goods,goods,0
2001,DZA,AGO,goods,services,0
2001,DZA,AGO,services,goods,0
2001,DZA,AGO,services,services,0
2001,AND,AND,goods,goods,0
2001,AND,AND,goods,services,0
2001,AND,AND,services,goods,0
2001,AND,AND,services,services,0
2001,AND,AGO,goods,goods,0
2001,AND,AGO,goods,services,0
2001,AND,AGO,services,goods,0
2001,AND,AGO,services,services,0
2001,AGO,AGO,goods,goods,0
2001,AGO,AGO,goods,services,0
2001,AGO,AGO,services,goods,0
2001,AGO,AGO,services,services,0
2002,AFG,AFG,goods,goods,0
2002,AFG,AFG,goods,services,0
2002,AFG,AFG,services,goods,0
2002,AFG,AFG,services,services,0
2002,AFG,ALB,goods,goods,0
2002,AFG,ALB,goods,services,0
2002,AFG,ALB,services,goods,0
2002,AFG,ALB,services,services,0
2002,AFG,DZA,goods,goods,0
2002,AFG,DZA,goods,services,0
2002,AFG,DZA,services,goods,0
2002,AFG,DZA,services,services,0
2002,AFG,AND,goods,goods,0
2002,AFG,AND,goods,services,0
2002,AFG,AND,services,goods,0
2002,AFG,AND,services,services,0
2002,AFG,AGO,goods,goods,0
2002,AFG,AGO,goods,services,0
2002,AFG,AGO,services,goods,0
2002,AFG,AGO,services,services,0
2002,ALB,ALB,goods,goods,0
2002,ALB,ALB,goods,services,0
2002,ALB,ALB,services,goods,0
2002,ALB,ALB,services,services,0
2002,ALB,DZA,goods,goods,0
2002,ALB,DZA,goods,services,0
2002,ALB,DZA,services,goods,0
2002,ALB,DZA,services,services,0
2002,ALB,AND,goods,goods,0
2002,ALB,AND,goods,services,0
2002,ALB,AND,services,goods,0
2002,ALB,AND,services,services,0
2002,ALB,AGO,goods,goods,0
2002,ALB,AGO,goods,services,0
2002,ALB,AGO,services,goods,0
2002,ALB,AGO,services,services,0
2002,DZA,DZA,goods,goods,0
2002,DZA,DZA,goods,services,0
2002,DZA,DZA,services,goods,0
2002,DZA,DZA,services,services,0
2002,DZA,AND,goods,goods,0
2002,DZA,AND,goods,services,0
2002,DZA,AND,services,goods,0
2002,DZA,AND,services,services,0
2002,DZA,AGO,goods,goods,0
2002,DZA,AGO,goods,services,0
2002,DZA,AGO,services,goods,0
2002,DZA,AGO,services,services,0
2002,AND,AND,goods,goods,0
2002,AND,AND,goods,services,0
2002,AND,AND,services,goods,0
2002,AND,AND,services,services,0
2002,AND,AGO,goods,goods,0
2002,AND,AGO,goods,services,0
2002,AND,AGO,services,goods,0
2002,AND,AGO,services,services,0
2002,AGO,AGO,goods,goods,0
2002,AGO,AGO,goods,services,0
2002,AGO,AGO,services,goods,0
2002,AGO,AGO,services,services,0
2003,AFG,AFG,goods,goods,0
2003,AFG,AFG,goods,services,0
2003,AFG,AFG,services,goods,0
2003,AFG,AFG,services,services,0
2003,AFG,ALB,goods,goods,0
2003,AFG,ALB,goods,services,0
2003,AFG,ALB,services,goods,0
2003,AFG,ALB,services,services,0
2003,AFG,DZA,goods,goods,0
2003,AFG,DZA,goods,services,0
2003,AFG,DZA,services,goods,0
2003,AFG,DZA,services,services,0
2003,AFG,AND,goods,goods,0
2003,AFG,AND,goods,services,0
2003,AFG,AND,services,goods,0
2003,AFG,AND,services,services,0
2003,AFG,AGO,goods,goods,0
2003,AFG,AGO,goods,services,0
2003,AFG,AGO,services,goods,0
2003,AFG,AGO,services,services,0
2003,ALB,ALB,goods,goods,0
2003,ALB,ALB,goods,services,0
2003,ALB,ALB,services,goods,0
2003,ALB,ALB,services,services,0
2003,ALB,DZA,goods,goods,0
2003,ALB,DZA,goods,services,0
2003,ALB,DZA,services,goods,0
2003,ALB,DZA,services,services,0
2003,ALB,AND,goods,goods,0
2003,ALB,AND,goods,services,0
2003,ALB,AND,services,goods,0
2003,ALB,AND,services,services,0
2003,ALB,AGO,goods,goods,0
2003,ALB,AGO,goods,services,0
2003,ALB,AGO,services,goods,0
2003,ALB,AGO,services,services,0
2003,DZA,DZA,goods,goods,0
2003,DZA,DZA,goods,services,0
2003,DZA,DZA,services,goods,0
2003,DZA,DZA,services,services,0
2003,DZA,AND,goods,goods,0
2003,DZA,AND,goods,services,0
2003,DZA,AND,services,goods,0
2003,DZA,AND,services,services,0
2003,DZA,AGO,goods,goods,0
2003,DZA,AGO,goods,services,0
2003,DZA,AGO,services,goods,0
2003,DZA,AGO,services,services,0
2003,AND,AND,goods,goods,0
2003,AND,AND,goods,services,0
2003,AND,AND,services,goods,0
2003,AND,AND,services,services,0
2003,AND,AGO,goods,goods,0
2003,AND,AGO,goods,services,0
2003,AND,AGO,services,goods,0
2003,AND,AGO,services,services,0
2003,AGO,AGO,goods,goods,0
2003,AGO,AGO,goods,services,0
2003,AGO,AGO,services,goods,0
2003,AGO,AGO,services,services,0
2004,AFG,AFG,goods,goods,0
2004,AFG,AFG,goods,services,0
2004,AFG,AFG,services,goods,0
2004,AFG,AFG,services,services,0
2004,AFG,ALB,goods,goods,0
2004,AFG,ALB,goods,services,0
2004,AFG,ALB,services,goods,0
2004,AFG,ALB,services,services,0
2004,AFG,DZA,goods,goods,0
2004,AFG,DZA,goods,services,0
2004,AFG,DZA,services,goods,0
2004,AFG,DZA,services,services,0
2004,AFG,AND,goods,goods,0
2004,AFG,AND,goods,services,0
2004,AFG,AND,services,goods,0
2004,AFG,AND,services,services,0
2004,AFG,AGO,goods,goods,0
2004,AFG,AGO,goods,services,0
2004,AFG,AGO,services,goods,0
2004,AFG,AGO,services,services,0
2004,ALB,ALB,goods,goods,0
2004,ALB,ALB,goods,services,0
2004,ALB,ALB,services,goods,0
2004,ALB,ALB,services,services,0
2004,ALB,DZA,goods,goods,0
2004,ALB,DZA,goods,services,0
2004,ALB,DZA,services,goods,0
2004,ALB,DZA,services,services,0
2004,ALB,AND,goods,goods,0
2004,ALB,AND,goods,services,0
2004,ALB,AND,services,goods,0
2004,ALB,AND,services,services,0
2004,ALB,AGO,goods,goods,0
2004,ALB,AGO,goods,services,0
2004,ALB,AGO,services,goods,0
2004,ALB,AGO,services,services,0
2004,DZA,DZA,goods,goods,0
2004,DZA,DZA,goods,services,0
2004,DZA,DZA,services,goods,0
2004,DZA,DZA,services,services,0
2004,DZA,AND,goods,goods,0
2004,DZA,AND,goods,services,0
2004,DZA,AND,services,goods,0
2004,DZA,AND,services,services,0
2004,DZA,AGO,goods,goods,0
2004,DZA,AGO,goods,services,0
2004,DZA,AGO,services,goods,0
2004,DZA,AGO,services,services,0
2004,AND,AND,goods,goods,0
2004,AND,AND,goods,services,0
2004,AND,AND,services,goods,0
2004,AND,AND,services,services,0
2004,AND,AGO,goods,goods,0
2004,AND,AGO,goods,services,0
2004,AND,AGO,services,goods,0
2004,AND,AGO,services,services,0
2004,AGO,AGO,goods,goods,0
2004,AGO,AGO,goods,services,0
2004,AGO,AGO,services,goods,0
2004,AGO,AGO,services,services,0
2005,AFG,AFG,goods,goods,0
2005,AFG,AFG,goods,services,0
2005,AFG,AFG,services,goods,0
2005,AFG,AFG,services,services,0
2005,AFG,ALB,goods,goods,0
2005,AFG,ALB,goods,services,0
2005,AFG,ALB,services,goods,0
2005,AFG,ALB,services,services,0
2005,AFG,DZA,goods,goods,0
2005,AFG,DZA,goods,services,0
2005,AFG,DZA,services,goods,0
2005,AFG,DZA,services,services,0
2005,AFG,AND,goods,goods,0
2005,AFG,AND,goods,services,0
2005,AFG,AND,services,goods,0
2005,AFG,AND,services,services,0
2005,AFG,AGO,goods,goods,0
2005,AFG,AGO,goods,services,0
2005,AFG,AGO,services,goods,0
2005,AFG,AGO,services,services,0
2005,ALB,ALB,goods,goods,0
2005,ALB,ALB,goods,services,0
2005,ALB,ALB,services,goods,0
2005,ALB,ALB,services,services,0
2005,ALB,DZA,goods,goods,0
2005,ALB,DZA,goods,services,0
2005,ALB,DZA,services,goods,0
2005,ALB,DZA,services,services,0
2005,ALB,AND,goods,goods,0
2005,ALB,AND,goods,services,0
2005,ALB,AND,services,goods,0
2005,ALB,AND,services,services,0
2005,ALB,AGO,goods,goods,0
2005,ALB,AGO,goods,services,0
2005,ALB,AGO,services,goods,0
2005,ALB,AGO,services,services,0
2005,DZA,DZA,goods,goods,0
2005,DZA,DZA,goods,services,0
2005,DZA,DZA,services,goods,0
2005,DZA,DZA,services,services,0
2005,DZA,AND,goods,goods,0
2005,DZA,AND,goods,services,0
2005,DZA,AND,services,goods,0
2005,DZA,AND,services,services,0
2005,DZA,AGO,goods,goods,0
2005,DZA,AGO,goods,services,0
2005,DZA,AGO,services,goods,0
2005,DZA,AGO,services,services,0
2005,AND,AND,goods,goods,0
2005,AND,AND,goods,services,0
2005,AND,AND,services,goods,0
2005,AND,AND,services,services,0
2005,AND,AGO,goods,goods,0
2005,AND,AGO,goods,services,0
2005,AND,AGO,services,goods,0
2005,AND,AGO,services,services,0
2005,AGO,AGO,goods,goods,0
2005,AGO,AGO,goods,services,0
2005,AGO,AGO,services,goods,0
2005,AGO,AGO,services,services,0
2006,AFG,AFG,goods,goods,0
2006,AFG,AFG,goods,services,0
2006,AFG,AFG,services,goods,0
2006,AFG,AFG,services,services,0
2006,AFG,ALB,goods,goods,0
2006,AFG,ALB,goods,services,0
2006,AFG,ALB,services,goods,0
2006,AFG,ALB,services,services,0
2006,AFG,DZA,goods,goods,0
2006,AFG,DZA,goods,services,0
2006,AFG,DZA,services,goods,0
2006,AFG,DZA,services,services,0
2006,AFG,AND,goods,goods,0
2006,AFG,AND,goods,services,0
2006,AFG,AND,services,goods,0
2006,AFG,AND,services,services,0
2006,AFG,AGO,goods,goods,0
2006,AFG,AGO,goods,services,0
2006,AFG,AGO,services,goods,0
2006,AFG,AGO,services,services,0
2006,ALB,ALB,goods,goods,0
2006,ALB,ALB,goods,services,0
2006,ALB,ALB,services,goods,0
2006,ALB,ALB,services,services,0
2006,ALB,DZA,goods,goods,0
2006,ALB,DZA,goods,services,0
2006,ALB,DZA,services,goods,0
2006,ALB,DZA,services,services,0
2006,ALB,AND,goods,goods,0
2006,ALB,AND,goods,services,0
2006,ALB,AND,services,goods,0
2006,ALB,AND,services,services,0
2006,ALB,AGO,goods,goods,0
2006,ALB,AGO,goods,services,0
2006,ALB,AGO,services,goods,0
2006,ALB,AGO,services,services,0
2006,DZA,DZA,goods,goods,0
2006,DZA,DZA,goods,services,0
2006,DZA,DZA,services,goods,0
2006,DZA,DZA,services,services,0
2006,DZA,AND,goods,goods,0
2006,DZA,AND,goods,services,0
2006,DZA,AND,services,goods,0
2006,DZA,AND,services,services,0
2006,DZA,AGO,goods,goods,0
2006,DZA,AGO,goods,services,0
2006,DZA,AGO,services,goods,0
2006,DZA,AGO,services,services,0
2006,AND,AND,goods,goods,0
2006,AND,AND,goods,services,0
2006,AND,AND,services,goods,0
2006,AND,AND,services,services,0
2006,AND,AGO,goods,goods,0
2006,AND,AGO,goods,services,0
2006,AND,AGO,services,goods,0
2006,AND,AGO,services,services,0
2006,AGO,AGO,goods,goods,0
2006,AGO,AGO,goods,services,0
2006,AGO,AGO,services,goods,0
2006,AGO,AGO,services,services,0
2007,AFG,AFG,goods,goods,0
2007,AFG,AFG,goods,services,0
2007,AFG,AFG,services,goods,0
2007,AFG,AFG,services,services,0
2007,AFG,ALB,goods,goods,0
2007,AFG,ALB,goods,services,0
2007,AFG,ALB,services,goods,0
2007,AFG,ALB,services,services,0
2007,AFG,DZA,goods,goods,0
2007,AFG,DZA,goods,services,0
2007,AFG,DZA,services,goods,0
2007,AFG,DZA,services,services,0
2007,AFG,AND,goods,goods,0
2007,AFG,AND,goods,services,0
2007,AFG,AND,services,goods,0
2007,AFG,AND,services,services,0
2007,AFG,AGO,goods,goods,0
2007,AFG,AGO,goods,services,0
2007,AFG,AGO,services,goods,0
2007,AFG,AGO,services,services,0
2007,ALB,ALB,goods,goods,0
2007,ALB,ALB,goods,services,0
2007,ALB,ALB,services,goods,0
2007,ALB,ALB,services,services,0
2007,ALB,DZA,goods,goods,0
2007,ALB,DZA,goods,services,0
2007,ALB,DZA,services,goods,0
2007,ALB,DZA,services,services,0
2007,ALB,AND,goods,goods,0
2007,ALB,AND,goods,services,0
2007,ALB,AND,services,goods,0
2007,ALB,AND,services,services,0
2007,ALB,AGO,goods,goods,0
2007,ALB,AGO,goods,services,0
2007,ALB,AGO,services,goods,0
2007,ALB,AGO,services,services,0
2007,DZA,DZA,goods,goods,0
2007,DZA,DZA,goods,services,0
2007,DZA,DZA,services,goods,0
2007,DZA,DZA,services,services,0
2007,DZA,AND,goods,goods,0
2007,DZA,AND,goods,services,0
2007,DZA,AND,services,goods,0
2007,DZA,AND,services,services,0
2007,DZA,AGO,goods,goods,0
2007,DZA,AGO,goods,services,0
2007,DZA,AGO,services,goods,0
2007,DZA,AGO,services,services,0
2007,AND,AND,goods,goods,0
2007,AND,AND,goods,services,0
2007,AND,AND,services,goods,0
2007,AND,AND,services,services,0
2007,AND,AGO,goods,goods,0
2007,AND,AGO,goods,services,0
2007,AND,AGO,services,goods,0
2007,AND,AGO,services,services,0
2007,AGO,AGO,goods,goods,0
2007,AGO,AGO,goods,services,0
2007,AGO,AGO,services,goods,0
2007,AGO,AGO,services,services,0
2008,AFG,AFG,goods,goods,0
2008,AFG,AFG,goods,services,0
2008,AFG,AFG,services,goods,0
2008,AFG,AFG,services,services,0
2008,AFG,ALB,goods,goods,0
2008,AFG,ALB,goods,services,0
2008,AFG,ALB,services,goods,0
2008,AFG,ALB,services,services,0
2008,AFG,DZA,goods,goods,0
2008,AFG,DZA,goods,services,0
2008,AFG,DZA,services,goods,0
2008,AFG,DZA,services,services,0
2008,AFG,AND,goods,goods,0
2008,AFG,AND,goods,services,0
2008,AFG,AND,services,goods,0
2008,AFG,AND,services,services,0
2008,AFG,AGO,goods,goods,0
2008,AFG,AGO,goods,services,0
2008,AFG,AGO,services,goods,0
2008,AFG,AGO,services,services,0
2008,ALB,ALB,goods,goods,0
2008,ALB,ALB,goods,services,0
2008,ALB,ALB,services,goods,0
2008,ALB,ALB,services,services,0
2008,ALB,DZA,goods,goods,0
2008,ALB,DZA,goods,services,0
2008,ALB,DZA,services,goods,0
2008,ALB,DZA,services,services,0
2008,ALB,AND,goods,goods,0
2008,ALB,AND,goods,services,0
2008,ALB,AND,services,goods,0
2008,ALB,AND,services,services,0
2008,ALB,AGO,goods,goods,0
2008,ALB,AGO,goods,services,0
2008,ALB,AGO,services,goods,0
2008,ALB,AGO,services,services,0
2008,DZA,DZA,goods,goods,0
2008,DZA,DZA,goods,services,0
2008,DZA,DZA,services,goods,0
2008,DZA,DZA,services,services,0
2008,DZA,AND,goods,goods,0
2008,DZA,AND,goods,services,0
2008,DZA,AND,services,goods,0
2008,DZA,AND,services,services,0
2008,DZA,AGO,goods,goods,0
2008,DZA,AGO,goods,services,0
2008,DZA,AGO,services,goods,0
2008,DZA,AGO,services,services,0
2008,AND,AND,goods,goods,0
2008,AND,AND,goods,services,0
2008,AND,AND,services,goods,0
2008,AND,AND,services,services,0
2008,AND,AGO,goods,goods,0
2008,AND,AGO,goods,services,0
2008,AND,AGO,services,goods,0
2008,AND,AGO,services,services,0
2008,AGO,AGO,goods,goods,0
2008,AGO,AGO,goods,services,0
2008,AGO,AGO,services,goods,0
2008,AGO,AGO,services,services,0
2009,AFG,AFG,goods,goods,0
2009,AFG,AFG,goods,services,0
2009,AFG,AFG,services,goods,0
2009,AFG,AFG,services,services,0
2009,AFG,ALB,goods,goods,0
2009,AFG,ALB,goods,services,0
2009,AFG,ALB,services,goods,0
2009,AFG,ALB,services,services,0
2009,AFG,DZA,goods,goods,0
2009,AFG,DZA,goods,services,0
2009,AFG,DZA,services,goods,0
2009,AFG,DZA,services,services,0
2009,AFG,AND,goods,goods,0
2009,AFG,AND,goods,services,0
2009,AFG,AND,services,goods,0
2009,AFG,AND,services,services,0
2009,AFG,AGO,goods,goods,0
2009,AFG,AGO,goods,services,0
2009,AFG,AGO,services,goods,0
2009,AFG,AGO,services,services,0
2009,ALB,ALB,goods,goods,0
2009,ALB,ALB,goods,services,0
2009,ALB,ALB,services,goods,0
2009,ALB,ALB,services,services,0
2009,ALB,DZA,goods,goods,0
2009,ALB,DZA,goods,services,0
2009,ALB,DZA,services,goods,0
2009,ALB,DZA,services,services,0
2009,ALB,AND,goods,goods,0
2009,ALB,AND,goods,services,0
2009,ALB,AND,services,goods,0
2009,ALB,AND,services,services,0
2009,ALB,AGO,goods,goods,0
2009,ALB,AGO,goods,services,0
2009,ALB,AGO,services,goods,0
2009,ALB,AGO,services,services,0
2009,DZA,DZA,goods,goods,0
2009,DZA,DZA,goods,services,0
2009,DZA,DZA,services,goods,0
2009,DZA,DZA,services,services,0
2009,DZA,AND,goods,goods,0
2009,DZA,AND,goods,services,0
2009,DZA,AND,services,goods,0
2009,DZA,AND,services,services,0
2009,DZA,AGO,goods,goods,0
2009,DZA,AGO,goods,services,0
2009,DZA,AGO,services,goods,0
2009,DZA,AGO,services,services,0
2009,AND,AND,goods,goods,0
2009,AND,AND,goods,services,0
2009,AND,AND,services,goods,0
2009,AND,AND,services,services,0
2009,AND,AGO,goods,goods,0
2009,AND,AGO,goods,services,0
2009,AND,AGO,services,goods,0
2009,AND,AGO,services,services,0
2009,AGO,AGO,goods,goods,0
2009,AGO,AGO,goods,services,0
2009,AGO,AGO,services,goods,0
2009,AGO,AGO,services,services,0
2010,AFG,AFG,goods,goods,0
2010,AFG,AFG,goods,services,0
2010,AFG,AFG,services,goods,0
2010,AFG,AFG,services,services,0
2010,AFG,ALB,goods,goods,0
2010,AFG,ALB,goods,services,0
2010,AFG,ALB,services,goods,0
2010,AFG,ALB,services,services,0
2010,AFG,DZA,goods,goods,0
2010,AFG,DZA,goods,services,0
2010,AFG,DZA,services,goods,0
2010,AFG,DZA,services,services,0
2010,AFG,AND,goods,goods,0
2010,AFG,AND,goods,services,0
2010,AFG,AND,services,goods,0
2010,AFG,AND,services,services,0
2010,AFG,AGO,goods,goods,0
2010,AFG,AGO,goods,services,0
2010,AFG,AGO,services,goods,0
2010,AFG,AGO,services,services,0
2010,ALB,ALB,goods,goods,0
2010,ALB,ALB,goods,services,0
2010,ALB,ALB,services,goods,0
2010,ALB,ALB,services,services,0
2010,ALB,DZA,goods,goods,0
2010,ALB,DZA,goods,services,0
2010,ALB,DZA,services,goods,0
2010,ALB,DZA,services,services,0
2010,ALB,AND,goods,goods,0
2010,ALB,AND,goods,services,0
2010,ALB,AND,services,goods,0
2010,ALB,AND,services,services,0
2010,ALB,AGO,goods,goods,0
2010,ALB,AGO,goods,services,0
2010,ALB,AGO,services,goods,0
2010,ALB,AGO,services,services,0
2010,DZA,DZA,goods,goods,0
2010,DZA,DZA,goods,services,0
2010,DZA,DZA,services,goods,0
2010,DZA,DZA,services,services,0
2010,DZA,AND,goods,goods,0
2010,DZA,AND,goods,services,0
2010,DZA,AND,services,goods,0
2010,DZA,AND,services,services,0
2010,DZA,AGO,goods,goods,0
2010,DZA,AGO,goods,services,0
2010,DZA,AGO,services,goods,0
2010,DZA,AGO,services,services,0
2010,AND,AND,goods,goods,0
2010,AND,AND,goods,services,0
2010,AND,AND,services,goods,0
2010,AND,AND,services,services,0
2010,AND,AGO,goods,goods,0
2010,AND,AGO,goods,services,0
2010,AND,AGO,services,goods,0
2010,AND,AGO,services,services,0
2010,AGO,AGO,goods,goods,0
2010,AGO,AGO,goods,services,0
2010,AGO,AGO,services,goods,0
2010,AGO,AGO,services,services,0
2011,AFG,AFG,goods,goods,0
2011,AFG,AFG,goods,services,0
2011,AFG,AFG,services,goods,0
2011,AFG,AFG,services,services,0
2011,AFG,ALB,goods,goods,0
2011,AFG,ALB,goods,services,0
2011,AFG,ALB,services,goods,0
2011,AFG,ALB,services,services,0
2011,AFG,DZA,goods,goods,0
2011,AFG,DZA,goods,services,0
2011,AFG,DZA,services,goods,0
2011,AFG,DZA,services,services,0
2011,AFG,AND,goods,goods,0
2011,AFG,AND,goods,services,0
2011,AFG,AND,services,goods,0
2011,AFG,AND,services,services,0
2011,AFG,AGO,goods,goods,0
2011,AFG,AGO,goods,services,0
2011,AFG,AGO,services,goods,0
2011,AFG,AGO,services,services,0
2011,ALB,ALB,goods,goods,0
2011,ALB,ALB,goods,services,0
2011,ALB,ALB,services,goods,0
2011,ALB,ALB,services,services,0
2011,ALB,DZA,goods,goods,0
2011,ALB,DZA,goods,services,0
2011,ALB,DZA,services,goods,0
2011,ALB,DZA,services,services,0
2011,ALB,AND,goods,goods,0
2011,ALB,AND,goods,services,0
2011,ALB,AND,services,goods,0
2011,ALB,AND,services,services,0
2011,ALB,AGO,goods,goods,0
2011,ALB,AGO,goods,services,0
2011,ALB,AGO,services,goods,0
2011,ALB,AGO,services,services,0
2011,DZA,DZA,goods,goods,0
2011,DZA,DZA,goods,services,0
2011,DZA,DZA,services,goods,0
2011,DZA,DZA,services,services,0
2011,DZA,AND,goods,goods,0
2011,DZA,AND,goods,services,0
2011,DZA,AND,services,goods,0
2011,DZA,AND,services,services,0
2011,DZA,AGO,goods,goods,0
2011,DZA,AGO,goods,services,0
2011,DZA,AGO,services,goods,0
2011,DZA,AGO,services,services,0
2011,AND,AND,goods,goods,0
2011,AND,AND,goods,services,0
2011,AND,AND,services,goods,0
2011,AND,AND,services,services,0
2011,AND,AGO,goods,goods,0
2011,AND,AGO,goods,services,0
2011,AND,AGO,services,goods,0
2011,AND,AGO,services,services,0
2011,AGO,AGO,goods,goods,0
2011,AGO,AGO,goods,services,0
2011,AGO,AGO,services,goods,0
2011,AGO,AGO,services,services,0
2012,AFG,AFG,goods,goods,0
2012,AFG,AFG,goods,services,0
2012,AFG,AFG,services,goods,0
2012,AFG,AFG,services,services,0
2012,AFG,ALB,goods,goods,0
2012,AFG,ALB,goods,services,0
2012,AFG,ALB,services,goods,0
2012,AFG,ALB,services,services,0
2012,AFG,DZA,goods,goods,0
2012,AFG,DZA,goods,services,0
2012,AFG,DZA,services,goods,0
2012,AFG,DZA,services,services,0
2012,AFG,AND,goods,goods,0
2012,AFG,AND,goods,services,0
2012,AFG,AND,services,goods,0
2012,AFG,AND,services,services,0
2012,AFG,AGO,goods,goods,0
2012,AFG,AGO,goods,services,0
2012,AFG,AGO,services,goods,0
2012,AFG,AGO,services,services,0
2012,ALB,ALB,goods,goods,0
2012,ALB,ALB,goods,services,0
2012,ALB,ALB,services,goods,0
2012,ALB,ALB,services,services,0
2012,ALB,DZA,goods,goods,0
2012,ALB,DZA,goods,services,0
2012,ALB,DZA,services,goods,0
2012,ALB,DZA,services,services,0
2012,ALB,AND,goods,goods,0
2012,ALB,AND,goods,services,0
2012,ALB,AND,services,goods,0
2012,ALB,AND,services,services,0
2012,ALB,AGO,goods,goods,0
2012,ALB,AGO,goods,services,0
2012,ALB,AGO,services,goods,0
2012,ALB,AGO,services,services,0
2012,DZA,DZA,goods,goods,0
2012,DZA,DZA,goods,services,0
2012,DZA,DZA,services,goods,0
2012,DZA,DZA,services,services,0
2012,DZA,AND,goods,goods,0
2012,DZA,AND,goods,services,0
2012,DZA,AND,services,goods,0
2012,DZA,AND,services,services,0
2012,DZA,AGO,goods,goods,0
2012,DZA,AGO,goods,services,0
2012,DZA,AGO,services,goods,0
2012,DZA,AGO,services,services,0
2012,AND,AND,goods,goods,0
2012,AND,AND,goods,services,0
2012,AND,AND,services,goods,0
2012,AND,AND,services,services,0
2012,AND,AGO,goods,goods,0
2012,AND,AGO,goods,services,0
2012,AND,AGO,services,goods,0
2012,AND,AGO,services,services,0
2012,AGO,AGO,goods,goods,0
2012,AGO,AGO,goods,services,0
2012,AGO,AGO,services,goods,0
2012,AGO,AGO,services,services,0
2013,AFG,AFG,goods,goods,0
2013,AFG,AFG,goods,services,0
2013,AFG,AFG,services,goods,0
2013,AFG,AFG,services,services,0
2013,AFG,ALB,goods,goods,0
2013,AFG,ALB,goods,services,0
2013,AFG,ALB,services,goods,0
2013,AFG,ALB,services,services,0
2013,AFG,DZA,goods,goods,0
2013,AFG,DZA,goods,services,0
2013,AFG,DZA,services,goods,0
2013,AFG,DZA,services,services,0
2013,AFG,AND,goods,goods,0
2013,AFG,AND,goods,services,0
2013,AFG,AND,services,goods,0
2013,AFG,AND,services,services,0
2013,AFG,AGO,goods,goods,0
2013,AFG,AGO,goods,services,0
2013,AFG,AGO,services,goods,0
2013,AFG,AGO,services,services,0
2013,ALB,ALB,goods,goods,0
2013,ALB,ALB,goods,services,0
2013,ALB,ALB,services,goods,0
2013,ALB,ALB,services,services,0
2013,ALB,DZA,goods,goods,0
2013,ALB,DZA,goods,services,0
2013,ALB,DZA,services,goods,0
2013,ALB,DZA,services,services,0
2013,ALB,AND,goods,goods,0
2013,ALB,AND,goods,services,0
2013,ALB,AND,services,goods,0
2013,ALB,AND,services,services,0
2013,ALB,AGO,goods,goods,0
2013,ALB,AGO,goods,services,0
2013,ALB,AGO,services,goods,0
2013,ALB,AGO,services,services,0
2013,DZA,DZA,goods,goods,0
2013,DZA,DZA,goods,services,0
2013,DZA,DZA,services,goods,0
2013,DZA,DZA,services,services,0
2013,DZA,AND,goods,goods,0
2013,DZA,AND,goods,services,0
2013,DZA,AND,services,goods,0
2013,DZA,AND,services,services,0
2013,DZA,AGO,goods,goods,0
2013,DZA,AGO,goods,services,0
2013,DZA,AGO,services,goods,0
2013,DZA,AGO,services,services,0
2013,AND,AND,goods,goods,0
2013,AND,AND,goods,services,0
2013,AND,AND,services,goods,0
2013,AND,AND,services,services,0
2013,AND,AGO,goods,goods,0
2013,AND,AGO,goods,services,0
2013,AND,AGO,services,goods,0
2013,AND,AGO,services,services,0
2013,AGO,AGO,goods,goods,0
2013,AGO,AGO,goods,services,0
2013,AGO,AGO,services,goods,0
2013,AGO,AGO,services,services,0
2014,AFG,AFG,goods,goods,0
2014,AFG,AFG,goods,services,0
2014,AFG,AFG,services,goods,0
2014,AFG,AFG,services,services,0
2014,AFG,ALB,goods,goods,0
2014,AFG,ALB,goods,services,0
2014,AFG,ALB,services,goods,0
2014,AFG,ALB,services,services,0
2014,AFG,DZA,goods,goods,0
2014,AFG,DZA,goods,services,0
2014,AFG,DZA,services,goods,0
2014,AFG,DZA,services,services,0
2014,AFG,AND,goods,goods,0
2014,AFG,AND,goods,services,0
2014,AFG,AND,services,goods,0
2014,AFG,AND,services,services,0
2014,AFG,AGO,goods,goods,0
2014,AFG,AGO,goods,services,0
2014,AFG,AGO,services,goods,0
2014,AFG,AGO,services,services,0
2014,ALB,ALB,goods,goods,0
2014,ALB,ALB,goods,services,0
2014,ALB,ALB,services,goods,0
2014,ALB,ALB,services,services,0
2014,ALB,DZA,goods,goods,0
2014,ALB,DZA,goods,services,0
2014,ALB,DZA,services,goods,0
2014,ALB,DZA,services,services,0
2014,ALB,AND,goods,goods,0
2014,ALB,AND,goods,services,0
2014,ALB,AND,services,goods,0
2014,ALB,AND,services,services,0
2014,ALB,AGO,goods,goods,0
2014,ALB,AGO,goods,services,0
2014,ALB,AGO,services,goods,0
2014,ALB,AGO,services,services,0
2014,DZA,DZA,goods,goods,0
2014,DZA,DZA,goods,services,0
2014,DZA,DZA,services,goods,0
2014,DZA,DZA,services,services,0
2014,DZA,AND,goods,goods,0
2014,DZA,AND,goods,services,0
2014,DZA,AND,services,goods,0
2014,DZA,AND,services,services,0
2014,DZA,AGO,goods,goods,0
2014,DZA,AGO,goods,services,0
2014,DZA,AGO,services,goods,0
2014,DZA,AGO,services,services,0
2014,AND,AND,goods,goods,0
2014,AND,AND,goods,services,0
2014,AND,AND,services,goods,0
2014,AND,AND,services,services,0
2014,AND,AGO,goods,goods,0
2014,AND,AGO,goods,services,0
2014,AND,AGO,services,goods,0
2014,AND,AGO,services,services,0
2014,AGO,AGO,goods,goods,0
2014,AGO,AGO,goods,services,0
2014,AGO,AGO,services,goods,0
2014,AGO,AGO,services,services,0
2015,AFG,AFG,goods,goods,0
2015,AFG,AFG,goods,services,0
2015,AFG,AFG,services,goods,0
2015,AFG,AFG,services,services,0
2015,AFG,ALB,goods,goods,0
2015,AFG,ALB,goods,services,0
2015,AFG,ALB,services,goods,0
2015,AFG,ALB,services,services,0
2015,AFG,DZA,goods,goods,0
2015,AFG,DZA,goods,services,0
2015,AFG,DZA,services,goods,0
2015,AFG,DZA,services,services,0
2015,AFG,AND,goods,goods,0
2015,AFG,AND,goods,services,0
2015,AFG,AND,services,goods,0
2015,AFG,AND,services,services,0
2015,AFG,AGO,goods,goods,0
2015,AFG,AGO,goods,services,0
2015,AFG,AGO,services,goods,0
2015,AFG,AGO,services,services,0
2015,ALB,ALB,goods,goods,0
2015,ALB,ALB,goods,services,0
2015,ALB,ALB,services,goods,0
2015,ALB,ALB,services,services,0
2015,ALB,DZA,goods,goods,0
2015,ALB,DZA,goods,services,0
2015,ALB,DZA,services,goods,0
2015,ALB,DZA,services,services,0
2015,ALB,AND,goods,goods,0
2015,ALB,AND,goods,services,0
2015,ALB,AND,services,goods,0
2015,ALB,AND,services,services,0
2015,ALB,AGO,goods,goods,0
2015,ALB,AGO,goods,services,0
2015,ALB,AGO,services,goods,0
2015,ALB,AGO,services,services,0
2015,DZA,DZA,goods,goods,0
2015,DZA,DZA,goods,services,0
2015,DZA,DZA,services,goods,0
2015,DZA,DZA,services,services,0
2015,DZA,AND,goods,goods,0
2015,DZA,AND,goods,services,0
2015,DZA,AND,services,goods,0
2015,DZA,AND,services,services,0
2015,DZA,AGO,goods,goods,0
2015,DZA,AGO,goods,services,0
2015,DZA,AGO,services,goods,0
2015,DZA,AGO,services,services,0
2015,AND,AND,goods,goods,0
2015,AND,AND,goods,services,0
2015,AND,AND,services,goods,0
2015,AND,AND,services,services,0
2015,AND,AGO,goods,goods,0
2015,AND,AGO,goods,services,0
2015,AND,AGO,services,goods,0
2015,AND,AGO,services,services,0
2015,AGO,AGO,goods,goods,0
2015,AGO,AGO,goods,services,0
2015,AGO,AGO,services,goods,0
2015,AGO,AGO,services,services,0
2016,AFG,AFG,goods,goods,0
2016,AFG,AFG,goods,services,0
2016,AFG,AFG,services,goods,0
2016,AFG,AFG,services,services,0
2016,AFG,ALB,goods,goods,0
2016,AFG,ALB,goods,services,0
2016,AFG,ALB,services,goods,0
2016,AFG,ALB,services,services,0
2016,AFG,DZA,goods,goods,0
2016,AFG,DZA,goods,services,0
2016,AFG,DZA,services,goods,0
2016,AFG,DZA,services,services,0
2016,AFG,AND,goods,goods,0
2016,AFG,AND,goods,services,0
2016,AFG,AND,services,goods,0
2016,AFG,AND,services,services,0
2016,AFG,AGO,goods,goods,0
2016,AFG,AGO,goods,services,0
2016,AFG,AGO,services,goods,0
2016,AFG,AGO,services,services,0
2016,ALB,ALB,goods,goods,0
2016,ALB,ALB,goods,services,0
2016,ALB,ALB,services,goods,0
2016,ALB,ALB,services,services,0
2016,ALB,DZA,goods,goods,0
2016,ALB,DZA,goods,services,0
2016,ALB,DZA,services,goods,0
2016,ALB,DZA,services,services,0
2016,ALB,AND,goods,goods,0
2016,ALB,AND,goods,services,0
2016,ALB,AND,services,goods,0
2016,ALB,AND,services,services,0
2016,ALB,AGO,goods,goods,0
2016,ALB,AGO,goods,services,0
2016,ALB,AGO,services,goods,0
2016,ALB,AGO,services,services,0
2016,DZA,DZA,goods,goods,0
2016,DZA,DZA,goods,services,0
2016,DZA,DZA,services,goods,0
2016,DZA,DZA,services,services,0
2016,DZA,AND,goods,goods,0
2016,DZA,AND,goods,services,0
2016,DZA,AND,services,goods,0
2016,DZA,AND,services,services,0
2016,DZA,AGO,goods,goods,0
2016,DZA,AGO,goods,services,0
2016,DZA,AGO,services,goods,0
2016,DZA,AGO,services,services,0
2016,AND,AND,goods,goods,0
2016,AND,AND,goods,services,0
2016,AND,AND,services,goods,0
2016,AND,AND,services,services,0
2016,AND,AGO,goods,goods,0
2016,AND,AGO,goods,services,0
2016,AND,AGO,services,goods,0
2016,AND,AGO,services,services,0
2016,AGO,AGO,goods,goods,0
2016,AGO,AGO,goods,services,0
2016,AGO,AGO,services,goods,0
2016,AGO,AGO,services,services,0
2017,AFG,AFG,goods,goods,0
2017,AFG,AFG,goods,services,0
2017,AFG,AFG,services,goods,0
2017,AFG,AFG,services,services,0
2017,AFG,ALB,goods,goods,0
2017,AFG,ALB,goods,services,0
2017,AFG,ALB,services,goods,0
2017,AFG,ALB,services,services,0
2017,AFG,DZA,goods,goods,0
2017,AFG,DZA,goods,services,0
2017,AFG,DZA,services,goods,0
2017,AFG,DZA,services,services,0
2017,AFG,AND,goods,goods,0
2017,AFG,AND,goods,services,0
2017,AFG,AND,services,goods,0
2017,AFG,AND,services,services,0
2017,AFG,AGO,goods,goods,0
2017,AFG,AGO,goods,services,0
2017,AFG,AGO,services,goods,0
2017,AFG,AGO,services,services,0
2017,ALB,ALB,goods,goods,0
2017,ALB,ALB,goods,services,0
2017,ALB,ALB,services,goods,0
2017,ALB,ALB,services,services,0
2017,ALB,DZA,goods,goods,0
2017,ALB,DZA,goods,services,0
2017,ALB,DZA,services,goods,0
2017,ALB,DZA,services,services,0
2017,ALB,AND,goods,goods,0
2017,ALB,AND,goods,services,0
2017,ALB,AND,services,goods,0
2017,ALB,AND,services,services,0
2017,ALB,AGO,goods,goods,0
2017,ALB,AGO,goods,services,0
2017,ALB,AGO,services,goods,0
2017,ALB,AGO,services,services,0
2017,DZA,DZA,goods,goods,0
2017,DZA,DZA,goods,services,0
2017,DZA,DZA,services,goods,0
2017,DZA,DZA,services,services,0
2017,DZA,AND,goods,goods,0
2017,DZA,AND,goods,services,0
2017,DZA,AND,services,goods,0
2017,DZA,AND,services,services,0
2017,DZA,AGO,goods,goods,0
2017,DZA,AGO,goods,services,0
2017,DZA,AGO,services,goods,0
2017,DZA,AGO,services,services,0
2017,AND,AND,goods,goods,0
2017,AND,AND,goods,services,0
2017,AND,AND,services,goods,0
2017,AND,AND,services,services,0
2017,AND,AGO,goods,goods,0
2017,AND,AGO,goods,services,0
2017,AND,AGO,services,goods,0
2017,AND,AGO,services,services,0
2017,AGO,AGO,goods,goods,0
2017,AGO,AGO,goods,services,0
2017,AGO,AGO,services,goods,0
2017,AGO,AGO,services,services,0
2018,AFG,AFG,goods,goods,0
2018,AFG,AFG,goods,services,0
2018,AFG,AFG,services,goods,0
2018,AFG,AFG,services,services,0
2018,AFG,ALB,goods,goods,0
2018,AFG,ALB,goods,services,0
2018,AFG,ALB,services,goods,0
2018,AFG,ALB,services,services,0
2018,AFG,DZA,goods,goods,0
2018,AFG,DZA,goods,services,0
2018,AFG,DZA,services,goods,0
2018,AFG,DZA,services,services,0
2018,AFG,AND,goods,goods,0
2018,AFG,AND,goods,services,0
2018,AFG,AND,services,goods,0
2018,AFG,AND,services,services,0
2018,AFG,AGO,goods,goods,0
2018,AFG,AGO,goods,services,0
2018,AFG,AGO,services,goods,0
2018,AFG,AGO,services,services,0
2018,ALB,ALB,goods,goods,0
2018,ALB,ALB,goods,services,0
2018,ALB,ALB,services,goods,0
2018,ALB,ALB,services,services,0
2018,ALB,DZA,goods,goods,0
2018,ALB,DZA,goods,services,0
2018,ALB,DZA,services,goods,0
2018,ALB,DZA,services,services,0
2018,ALB,AND,goods,goods,0
2018,ALB,AND,goods,services,0
2018,ALB,AND,services,goods,0
2018,ALB,AND,services,services,0
2018,ALB,AGO,goods,goods,0
2018,ALB,AGO,goods,services,0
2018,ALB,AGO,services,goods,0
2018,ALB,AGO,services,services,0
2018,DZA,DZA,goods,goods,0
2018,DZA,DZA,goods,services,0
2018,DZA,DZA,services,goods,0
2018,DZA,DZA,services,services,0
2018,DZA,AND,goods,goods,0
2018,DZA,AND,goods,services,0
2018,DZA,AND,services,goods,0
2018,DZA,AND,services,services,0
2018,DZA,AGO,goods,goods,0
2018,DZA,AGO,goods,services,0
2018,DZA,AGO,services,goods,0
2018,DZA,AGO,services,services,0
2018,AND,AND,goods,goods,0
2018,AND,AND,goods,services,0
2018,AND,AND,services,goods,0
2018,AND,AND,services,services,0
2018,AND,AGO,goods,goods,0
2018,AND,AGO,goods,services,0
2018,AND,AGO,services,goods,0
2018,AND,AGO,services,services,0
2018,AGO,AGO,goods,goods,0
2018,AGO,AGO,goods,services,0
2018,AGO,AGO,services,goods,0
2018,AGO,AGO,services,services,0
2019,AFG,AFG,goods,goods,0
2019,AFG,AFG,goods,services,0
2019,AFG,AFG,services,goods,0
2019,AFG,AFG,services,services,0
2019,AFG,ALB,goods,goods,0
2019,AFG,ALB,goods,services,0
2019,AFG,ALB,services,goods,0
2019,AFG,ALB,services,services,0
2019,AFG,DZA,goods,goods,0
2019,AFG,DZA,goods,services,0
2019,AFG,DZA,services,goods,0
2019,AFG,DZA,services,services,0
2019,AFG,AND,goods,goods,0
2019,AFG,AND,goods,services,0
2019,AFG,AND,services,goods,0
2019,AFG,AND,services,services,0
2019,AFG,AGO,goods,goods,0
2019,AFG,AGO,goods,services,0
2019,AFG,AGO,services,goods,0
2019,AFG,AGO,services,services,0
2019,ALB,ALB,goods,goods,0
2019,ALB,ALB,goods,services,0
2019,ALB,ALB,services,goods,0
2019,ALB,ALB,services,services,0
2019,ALB,DZA,goods,goods,0
2019,ALB,DZA,goods,services,0
2019,ALB,DZA,services,goods,0
2019,ALB,DZA,services,services,0
2019,ALB,AND,goods,goods,0
2019,ALB,AND,goods,services,0
2019,ALB,AND,services,goods,0
2019,ALB,AND,services,services,0
2019,ALB,AGO,goods,goods,0
2019,ALB,AGO,goods,services,0
2019,ALB,AGO,services,goods,0
2019,ALB,AGO,services,services,0
2019,DZA,DZA,goods,goods,0
2019,DZA,DZA,goods,services,0
2019,DZA,DZA,services,goods,0
2019,DZA,DZA,services,services,0
2019,DZA,AND,goods,goods,0
2019,DZA,AND,goods,services,0
2019,DZA,AND,services,goods,0
2019,DZA,AND,services,services,0
2019,DZA,AGO,goods,goods,0
2019,DZA,AGO,goods,services,0
2019,DZA,AGO,services,goods,0
2019,DZA,AGO,services,services,0
2019,AND,AND,goods,goods,0
2019,AND,AND,goods,services,0
2019,AND,AND,services,goods,0
2019,AND,AND,services,services,0
2019,AND,AGO,goods,goods,0
2019,AND,AGO,goods,services,0
2019,AND,AGO,services,goods,0
2019,AND,AGO,services,services,0
2019,AGO,AGO,goods,goods,0
2019,AGO,AGO,goods,services,0
2019,AGO,AGO,services,goods,0
2019,AGO,AGO,services,services,0
2020,AFG,AFG,goods,goods,0
2020,AFG,AFG,goods,services,0
2020,AFG,AFG,services,goods,0
2020,AFG,AFG,services,services,0
2020,AFG,ALB,goods,goods,0
2020,AFG,ALB,goods,services,0
2020,AFG,ALB,services,goods,0
2020,AFG,ALB,services,services,0
2020,AFG,DZA,goods,goods,0
2020,AFG,DZA,goods,services,0
2020,AFG,DZA,services,goods,0
2020,AFG,DZA,services,services,0
2020,AFG,AND,goods,goods,0
2020,AFG,AND,goods,services,0
2020,AFG,AND,services,goods,0
2020,AFG,AND,services,services,0
2020,AFG,AGO,goods,goods,0
2020,AFG,AGO,goods,services,0
2020,AFG,AGO,services,goods,0
2020,AFG,AGO,services,services,0
2020,ALB,ALB,goods,goods,0
2020,ALB,ALB,goods,services,0
2020,ALB,ALB,services,goods,0
2020,ALB,ALB,services,services,0
2020,ALB,DZA,goods,goods,0
2020,ALB,DZA,goods,services,0
2020,ALB,DZA,services,goods,0
2020,ALB,DZA,services,services,0
2020,ALB,AND,goods,goods,0
2020,ALB,AND,goods,services,0
2020,ALB,AND,services,goods,0
2020,ALB,AND,services,services,0
2020,ALB,AGO,goods,goods,0
2020,ALB,AGO,goods,services,0
2020,ALB,AGO,services,goods,0
2020,ALB,AGO,services,services,0
2020,DZA,DZA,goods,goods,0
2020,DZA,DZA,goods,services,0
2020,DZA,DZA,services,goods,0
2020,DZA,DZA,services,services,0
2020,DZA,AND,goods,goods,0
2020,DZA,AND,goods,services,0
2020,DZA,AND,services,goods,0
2020,DZA,AND,services,services,0
2020,DZA,AGO,goods,goods,0
2020,DZA,AGO,goods,services,0
2020,DZA,AGO,services,goods,0
2020,DZA,AGO,services,services,0
2020,AND,AND,goods,goods,0
2020,AND,AND,goods,services,0
2020,AND,AND,services,goods,0
2020,AND,AND,services,services,0
2020,AND,AGO,goods,goods,0
2020,AND,AGO,goods,services,0
2020,AND,AGO,services,goods,0
2020,AND,AGO,services,services,0
2020,AGO,AGO,goods,goods,0
2020,AGO,AGO,goods,services,0
2020,AGO,AGO,services,goods,0
2020,AGO,AGO,services,services,0
2021,AFG,AFG,goods,goods,0
2021,AFG,AFG,goods,services,0
2021,AFG,AFG,services,goods,0
2021,AFG,AFG,services,services,0
2021,AFG,ALB,goods,goods,0
2021,AFG,ALB,goods,services,0
2021,AFG,ALB,services,goods,0
2021,AFG,ALB,services,services,0
2021,AFG,DZA,goods,goods,0
2021,AFG,DZA,goods,services,0
2021,AFG,DZA,services,goods,0
2021,AFG,DZA,services,services,0
2021,AFG,AND,goods,goods,0
2021,AFG,AND,goods,services,0
2021,AFG,AND,services,goods,0
2021,AFG,AND,services,services,0
2021,AFG,AGO,goods,goods,0
2021,AFG,AGO,goods,services,0
2021,AFG,AGO,services,goods,0
2021,AFG,AGO,services,services,0
2021,ALB,ALB,goods,goods,0
2021,ALB,ALB,goods,services,0
2021,ALB,ALB,services,goods,0
2021,ALB,ALB,services,services,0
2021,ALB,DZA,goods,goods,0
2021,ALB,DZA,goods,services,0
2021,ALB,DZA,services,goods,0
2021,ALB,DZA,services,services,0
2021,ALB,AND,goods,goods,0
2021,ALB,AND,goods,services,0
2021,ALB,AND,services,goods,0
2021,ALB,AND,services,services,0
2021,ALB,AGO,goods,goods,0
2021,ALB,AGO,goods,services,0
2021,ALB,AGO,services,goods,0
2021,ALB,AGO,services,services,0
2021,DZA,DZA,goods,goods,0
2021,DZA,DZA,goods,services,0
2021,DZA,DZA,services,goods,0
2021,DZA,DZA,services,services,0
2021,DZA,AND,goods,goods,0
2021,DZA,AND,goods,services,0
2021,DZA,AND,services,goods,0
2021,DZA,AND,services,services,0
2021,DZA,AGO,goods,goods,0
2021,DZA,AGO,goods,services,0
2021,DZA,AGO,services,goods,0
2021,DZA,AGO,services,services,0
2021,AND,AND,goods,goods,0
2021,AND,AND,goods,services,0
2021,AND,AND,services,goods,0
2021,AND,AND,services,services,0
2021,AND,AGO,goods,goods,0
2021,AND,AGO,goods,services,0
2021,AND,AGO,services,goods,0
2021,AND,AGO,services,services,0
2021,AGO,AGO,goods,goods,0
2021,AGO,AGO,goods,services,0
2021,AGO,AGO,services,goods,0
2021,AGO,AGO,services,services,0
2022,AFG,AFG,goods,goods,0
2022,AFG,AFG,goods,services,0
2022,AFG,AFG,services,goods,0
2022,AFG,AFG,services,services,0
2022,AFG,ALB,goods,goods,0
2022,AFG,ALB,goods,services,0
2022,AFG,ALB,services,goods,0
2022,AFG,ALB,services,services,0
2022,AFG,DZA,goods,goods,0
2022,AFG,DZA,goods,services,0
2022,AFG,DZA,services,goods,0
2022,AFG,DZA,services,services,0
2022,AFG,AND,goods,goods,0
2022,AFG,AND,goods,services,0
2022,AFG,AND,services,goods,0
2022,AFG,AND,services,services,0
2022,AFG,AGO,goods,goods,0
2022,AFG,AGO,goods,services,0
2022,AFG,AGO,services,goods,0
2022,AFG,AGO,services,services,0
2022,ALB,ALB,goods,goods,0
2022,ALB,ALB,goods,services,0
2022,ALB,ALB,services,goods,0
2022,ALB,ALB,services,services,0
2022,ALB,DZA,goods,goods,0
2022,ALB,DZA,goods,services,0
2022,ALB,DZA,services,goods,0
2022,ALB,DZA,services,services,0
2022,ALB,AND,goods,goods,0
2022,ALB,AND,goods,services,0
2022,ALB,AND,services,goods,0
2022,ALB,AND,services,services,0
2022,ALB,AGO,goods,goods,0
2022,ALB,AGO,goods,services,0
2022,ALB,AGO,services,goods,0
2022,ALB,AGO,services,services,0
2022,DZA,DZA,goods,goods,0
2022,DZA,DZA,goods,services,0
2022,DZA,DZA,services,goods,0
2022,DZA,DZA,services,services,0
2022,DZA,AND,goods,goods,0
2022,DZA,AND,goods,services,0
2022,DZA,AND,services,goods,0
2022,DZA,AND,services,services,0
2022,DZA,AGO,goods,goods,0
2022,DZA,AGO,goods,services,0
2022,DZA,AGO,services,goods,0
2022,DZA,AGO,services,services,0
2022,AND,AND,goods,goods,0
2022,AND,AND,goods,services,0
2022,AND,AND,services,goods,0
2022,AND,AND,services,services,0
2022,AND,AGO,goods,goods,0
2022,AND,AGO,goods,services,0
2022,AND,AGO,services,goods,0
2022,AND,AGO,services,services,0
2022,AGO,AGO,goods,goods,0
2022,AGO,AGO,goods,services,0
2022,AGO,AGO,services,goods,0
2022,AGO,AGO,services,services,0
